﻿热搜排名,热搜标题,热度值,热搜链接
1,记者爬行救下男童，9个月后被认出❤️,206000.0,https://tophub.today/l?e=ed7bF78S9EzR4Et0Uqq5U4Sxal6o4639GJNbDXld6cONNzI5bgeV0DOuHEh4Zphna%2B2TWckilvbbi99J%2BOM5RUMb4SdjwvPhIeSkkHEceVVX19jhLDiL1mgypItVVIvaoDFTPqQ31Z1Y8HIeZOBACOp%2BuZkAPq5efrJsw%2FfQuBOiAd4
2,我去，这黑板报会发光！！！,192000.0,https://tophub.today/l?e=52e9IANgdYrqQED5S5od4So%2Bln8EGVCLxIOkFx1cNabnmscWlJNzgGiFU0BVoJJzaijyQRWKfHZBBpNfvhBCRPEBEUmx2ypah4hV%2FX8fx3lXT8WDmkgzR3fiUJUFiwWrObIX2x2cqnXFfa34AVpx6YoJ4F%2BoyNWgQzQakIN7T9LqHFY
3,女生游玩偶遇现实版《小石潭记》,190000.0,https://tophub.today/l?e=0a0flFaz9iLBFhz04Yy32JfAozAisihmXZirtDCYQWOWTTI%2BGexS6XEdFI4blPU7h06db3awycLQY2zGcMc2REG0eyOVhfDeG6bK%2BRANfoniyHotPKPKHVVXKiwzuRCNea%2Br7GUNvI1IPZzA42WKx%2F%2BWNtRZBDHs8srB9WcH9PReME0
4,《差生的天赋》,168000.0,https://tophub.today/l?e=5bb0%2BVX7HiYDXKxGiza5LP276eyMtYXYHyc0eMMjoX%2FvV3DIIq0YePTQ7IPjB%2BuEXuxVozmvdgbb%2BDPSX8AIADYMl1hbXwknPlzbByxM6E%2F3wDTlMgbdfikRhTk09u8lSKPhGR7slf8iqttBn%2Fla3h8TFNE94mROLFpm%2FmXwUAwRLlc
5,果然女幼师不简单,148000.0,https://tophub.today/l?e=fbf7MjQK97CZe6DGrxBFGyngygx0IKCf0EbGWbFxX91YgGW65qsxZizUN1nAhvg7sOHVP5Ic2hnuGay71vmQ5igMLddNFr5Hqqt1WlOp5ZiVPoeD48xz%2FkrS7mXAUCNcwHSIIo%2F%2BLceHAX4lTq3xc0wj81Nf88vK6hvGs%2FWdNoWD0HM
6,狠狠期待2024啦！,119000.0,https://tophub.today/l?e=4950E%2Bz3ZijHjh%2B0qZ2%2B38nY%2FEekN6Ts23nLxKAX0X7NFSt8Aj1L7fvdl6yU2UIKpBAf7RH9pM3VmoZnIb0AbltML%2Fq4FG6H%2FuiASHQO1YR7%2Fm3lpwCQETCClMOgfXNmZtf9Vk7Kcq9Xhff%2FcWTazTTsnAkYz6radZm%2BfO8mxVv7PAY
7,要不是狗子骂了五年，兽医也不会记得它，最后也不可能救到它！希望大黄早日接受仇人变,108000.0,https://tophub.today/l?e=a7bbF0peRKsLSIEZPgPdupEe7iTBMu2O6FnvDdFBT2C%2Ft8DtqYC1PObsxK4hmoxM2FbMrYFT1HVVXB12Iad8eHhsCVsL0ARLn7uHHEcTAh98prMSHafRJ2r9%2FJDH1xIKFzwQyeWiUC%2BUGMRS6JxsIBCRMSkOqhmQwqE%2Fk7Jc3A9e8oE
8,中传学子：这不得抓住机会啊？,107000.0,https://tophub.today/l?e=12f0Btey38xV%2FUsHUb6Rwa%2FnE%2BQbJCUsAGsdJdJQ%2FlFgHxxec7IEFNJ89xKhc2wK8WLLY1YNO9JhwBzDoBGxXJC5xEu%2FeRLQbBdsQkNtu9Do0UtFCzpr3gzVHmvieKULr3RMTbvmXLPlSjyJHM357UCyGKGOhMxta4LGZsO4B4xO1Ek
9,记了40年的委屈 或许这是别人眼里的小事，但它却在叔叔的心里翻涌了40多年回忆,85000.0,https://tophub.today/l?e=196cfETQi4gcRQ5raIEqqR4wK5%2B5pqCXgv74resZIgTws2ID1SekDIIrsgghHBsXuSeqP836%2BFQ7SHFPxDH8Yhiz4JCg2hS99XhJkMEhjemfLCMXB4I3pXxTmzYNSlu7Fd9Mx9TQhBz%2FOJukQ9vZOv1uhmRP2hpRTkgztYflURhY5w8
10,原来这就是风生水起,84000.0,https://tophub.today/l?e=eeeczy4dhGho7H%2BKPJiEi0kAKujnQtrVdFHcbMzu5oLmqZstlCzDjWjfvECUmAphHhHX0fr7rXvRNuEV%2BMXAuOBnfdiWDJJJ8lkSbQYfAAvwKx99%2FfyarJxhfi4D5PXFpCygQsKbgbvGaYTVODtSGOjpcbqxE%2FH8%2BAEqnT3%2B2zVU6mg
