﻿热搜排名,热搜标题,热搜时间,热度值,热搜链接,热搜封面
0,习近平在国家宪法日作重要指示,,0,https://www.douyin.com/hot/1502822/%E4%B9%A0%E8%BF%91%E5%B9%B3%E5%9C%A8%E5%9B%BD%E5%AE%B6%E5%AE%AA%E6%B3%95%E6%97%A5%E4%BD%9C%E9%87%8D%E8%A6%81%E6%8C%87%E7%A4%BA,
1,2023十大流行语,2023-12-04 14:51:01,11554638,https://www.douyin.com/hot/1502403/2023%E5%8D%81%E5%A4%A7%E6%B5%81%E8%A1%8C%E8%AF%AD,https://p11-sign.douyinpic.com/tos-cn-p-0015/ocQtQFgIDWnAbCleXcBepldXNL6A9ABMENdVbO~noop.jpeg?x-expires=1701759600&x-signature=ieZQFR4OAEI%2Bh%2BGaGfQT3aVjNAs%3D&from=3218412987
2,痞幼doll妆浓艳版本复刻,2023-12-05 08:42:11,11526203,https://www.douyin.com/hot/1503100/GTA6%E9%A2%84%E5%91%8A%E7%89%87%E8%A2%AB%E7%BD%91%E5%8F%8B%E9%80%90%E5%B8%A7%E5%88%86%E6%9E%90,https://p6-sign.douyinpic.com/tos-cn-p-0015/b7c329d0822849f48ceee3a36f702d5a_1701685550~noop.jpeg?x-expires=1701759600&x-signature=7jsFCjh2Qu9t%2FKvD5RhTOrcHc4I%3D&from=3218412987
3,中国助推COP28取得积极成果,2023-12-04 17:23:27,11038696,https://www.douyin.com/hot/1502630/%E4%B8%AD%E5%9B%BD%E5%8A%A9%E6%8E%A8COP28%E5%8F%96%E5%BE%97%E7%A7%AF%E6%9E%81%E6%88%90%E6%9E%9C,https://p3-sign.douyinpic.com/tos-cn-p-0015/oQD9v1ItExkhtqneBgb2eVACAjEuOtgbAZblmA~noop.jpeg?x-expires=1701759600&x-signature=FeFUFugKsQzjvUHWPOe5jHCtm50%3D&from=3218412987
4,GTA6预告片被网友逐帧分析,2023-12-05 08:12:15,11024296,https://www.douyin.com/hot/1503004/B%E5%A4%AA%E6%B8%B8%E5%8C%97%E6%96%B9%E8%AE%A1%E5%88%92%E7%AC%AC%E5%85%AD%E7%AB%99%E9%BB%91%E6%B2%B3,https://p6-sign.douyinpic.com/tos-cn-p-0015/oMnbOqAQDSnA2GNee7CPDK22EgnB7BDXISeJb6~noop.jpeg?x-expires=1701759600&x-signature=By%2Fg3HIsm%2BBnA2LIjSd0uwP8xNA%3D&from=3218412987
5,王楚钦：还打吗,2023-12-04 19:24:32,10704917,https://www.douyin.com/hot/1503140/%E7%97%9E%E5%B9%BCdoll%E5%A6%86%E6%B5%93%E8%89%B3%E7%89%88%E6%9C%AC%E5%A4%8D%E5%88%BB,https://p11-sign.douyinpic.com/tos-cn-p-0015/ooRtDMgcPhGid8xyAGAKIrEttXANMBADYzPetf~noop.jpeg?x-expires=1701759600&x-signature=m4ZBh6fdFyXBdw8X6MdT8qrVKFI%3D&from=3218412987
6,排除法不就是这么用的吗,2023-12-05 08:21:35,10596378,https://www.douyin.com/hot/1502780/%E7%8E%8B%E6%A5%9A%E9%92%A6%EF%BC%9A%E8%BF%98%E6%89%93%E5%90%97,https://p11-sign.douyinpic.com/tos-cn-p-0015/4a55e991780c47fe8b3349a622c8386b_1701691222~noop.jpeg?x-expires=1701759600&x-signature=c9gEZ3okBwZ5ifpWTk3PGg9ujjU%3D&from=3218412987
7,有多少人输给了穿尿不湿的,2023-12-05 08:27:24,10029036,https://www.douyin.com/hot/1503112/%E6%8E%92%E9%99%A4%E6%B3%95%E4%B8%8D%E5%B0%B1%E6%98%AF%E8%BF%99%E4%B9%88%E7%94%A8%E7%9A%84%E5%90%97,https://p3-sign.douyinpic.com/tos-cn-p-0015/oooGQeBqEDIzgCmAcxlAtnOBbIYeNu2bgAu8p9~noop.jpeg?x-expires=1701759600&x-signature=tMY0VeWhznQwyKpVi7tbAdteKFY%3D&from=3218412987
8,Queencard覆盖范围越来越广,2023-12-05 08:22:55,9662255,https://www.douyin.com/hot/1503115/Queencard%E8%A6%86%E7%9B%96%E8%8C%83%E5%9B%B4%E8%B6%8A%E6%9D%A5%E8%B6%8A%E5%B9%BF,https://p11-sign.douyinpic.com/tos-cn-p-0015/o0t1NfBeDzyZtCAC4gvDAsd4Et7a0dAhcXIZvA~noop.jpeg?x-expires=1701759600&x-signature=o2C3vVqrFfy7IZ6%2BcSiEm0vweRs%3D&from=3218412987
9,“重庆养老资格限期认证”系假,2023-12-04 19:40:21,9615037,https://www.douyin.com/hot/1502796/%E2%80%9C%E9%87%8D%E5%BA%86%E5%85%BB%E8%80%81%E8%B5%84%E6%A0%BC%E9%99%90%E6%9C%9F%E8%AE%A4%E8%AF%81%E2%80%9D%E7%B3%BB%E5%81%87,https://p9-sign.douyinpic.com/tos-cn-i-dy/89ed584fe4354d79a4bb557ab1f32bb8~noop.jpeg?x-expires=1701759600&x-signature=OyvAW6figvODiVLeXY5hWJJgIj0%3D&from=3218412987
10,小偷进来都得研究半天咋出去,2023-12-05 08:25:29,9516349,https://www.douyin.com/hot/1503123/%E5%B0%8F%E5%81%B7%E8%BF%9B%E6%9D%A5%E9%83%BD%E5%BE%97%E7%A0%94%E7%A9%B6%E5%8D%8A%E5%A4%A9%E5%92%8B%E5%87%BA%E5%8E%BB,https://p6-sign.douyinpic.com/tos-cn-p-0015/dd813df2491f42e894216d643ba4a39d_1701683134~noop.jpeg?x-expires=1701759600&x-signature=sa9hyNOwpaKMFqUI5FdFGYw42cg%3D&from=3218412987
11,婆媳中间人传话公式,2023-12-04 22:45:44,9512427,https://www.douyin.com/hot/1502973/%E5%A9%86%E5%AA%B3%E4%B8%AD%E9%97%B4%E4%BA%BA%E4%BC%A0%E8%AF%9D%E5%85%AC%E5%BC%8F,https://p26-sign.douyinpic.com/tos-cn-p-0015/oMGSVtXhshEXtG8yAlBIeiyfotN0y4ADAzvBgz~noop.jpeg?x-expires=1701759600&x-signature=B9pJQwl71qR8Y%2FK4BYnRYN2nwKA%3D&from=3218412987
12,狗狗有了滑板都不爱走路了,2023-12-04 23:23:02,9402994,https://www.douyin.com/hot/1502998/%E7%8B%97%E7%8B%97%E6%9C%89%E4%BA%86%E6%BB%91%E6%9D%BF%E9%83%BD%E4%B8%8D%E7%88%B1%E8%B5%B0%E8%B7%AF%E4%BA%86,https://p11-sign.douyinpic.com/tos-cn-p-0015/oQeV4KA0DfbdA8NDNFEIoAB3Qej1C0nABQyb77~noop.jpeg?x-expires=1701759600&x-signature=9TBWvPUEJKYMYUx%2BtkB6HoiI6yE%3D&from=3218412987
13,多人发视频质疑五月天假唱,2023-12-04 18:49:47,9394815,https://www.douyin.com/hot/1502733/%E5%A4%9A%E4%BA%BA%E5%8F%91%E8%A7%86%E9%A2%91%E8%B4%A8%E7%96%91%E4%BA%94%E6%9C%88%E5%A4%A9%E5%81%87%E5%94%B1,https://p6-sign.douyinpic.com/tos-cn-p-0015/ocEAteleWB6NAonqIbhK1DAgDWaZVbVIaJqA9r~noop.jpeg?x-expires=1701759600&x-signature=CNcN3f4wv2IDPLtQOFgDWmkbi0A%3D&from=3218412987
14,汪文斌分享迪丽热巴跳新疆舞,2023-12-04 20:44:58,9366335,https://www.douyin.com/hot/1502863/%E6%B1%AA%E6%96%87%E6%96%8C%E5%88%86%E4%BA%AB%E8%BF%AA%E4%B8%BD%E7%83%AD%E5%B7%B4%E8%B7%B3%E6%96%B0%E7%96%86%E8%88%9E,https://p3-sign.douyinpic.com/tos-cn-p-0015/f81fb201d2a04499b84c732a18ff9254_1701665558~noop.jpeg?x-expires=1701759600&x-signature=oEEbI04h4wM7YPZp38UJT9v1U%2BM%3D&from=3218412987
15,呆萌可爱的小浣熊帽子,2023-12-04 20:40:45,9325189,https://www.douyin.com/hot/1502854/%E5%91%86%E8%90%8C%E5%8F%AF%E7%88%B1%E7%9A%84%E5%B0%8F%E6%B5%A3%E7%86%8A%E5%B8%BD%E5%AD%90,https://p3-sign.douyinpic.com/tos-cn-p-0015/okbliY9zAXnajVfDogeBxI5gAyV9QgBAsEFNNA~noop.jpeg?x-expires=1701759600&x-signature=wZnEfqDYt1XWafojHqorRJvvwBA%3D&from=3218412987
16,华春莹发卢卡申科在京打冰球视频,2023-12-04 22:59:27,9282619,https://www.douyin.com/hot/1503126/%E6%9C%89%E5%A4%9A%E5%B0%91%E4%BA%BA%E8%BE%93%E7%BB%99%E4%BA%86%E7%A9%BF%E5%B0%BF%E4%B8%8D%E6%B9%BF%E7%9A%84,https://p6-sign.douyinpic.com/tos-cn-p-0015/oI77nDAqIZKDLtBfQCbvGaeBz2cozBb8XWAMft~noop.jpeg?x-expires=1701759600&x-signature=O23mqz01awVr7PMlNAJ9BNeyj0Y%3D&from=3218412987
17,当俄罗斯女生遇到东北大花袄,2023-12-04 19:22:44,9277468,https://www.douyin.com/hot/1502775/%E5%BD%93%E4%BF%84%E7%BD%97%E6%96%AF%E5%A5%B3%E7%94%9F%E9%81%87%E5%88%B0%E4%B8%9C%E5%8C%97%E5%A4%A7%E8%8A%B1%E8%A2%84,https://p26-sign.douyinpic.com/tos-cn-p-0015/9164be630e6f4bac9cb198faa95f9d6b_1701663447~noop.jpeg?x-expires=1701759600&x-signature=m95bCmCgiSov0FKDnqZAq66tJD4%3D&from=3218412987
18,网友商场偶遇七胞胎逛街,2023-12-04 19:16:49,9267778,https://www.douyin.com/hot/1502766/%E7%BD%91%E5%8F%8B%E5%95%86%E5%9C%BA%E5%81%B6%E9%81%87%E4%B8%83%E8%83%9E%E8%83%8E%E9%80%9B%E8%A1%97,https://p3-sign.douyinpic.com/tos-cn-p-0015/oEjiEdByAgXIdVeBwhhTtAGAsEdztfLKjCDZhA~noop.jpeg?x-expires=1701759600&x-signature=r96QWVPH6etv%2Fpx0%2BclcQyF%2BKrI%3D&from=3218412987
19,解清帅发抖音回应寻亲成功,2023-12-04 18:29:32,9251134,https://www.douyin.com/hot/1502716/%E8%A7%A3%E6%B8%85%E5%B8%85%E5%8F%91%E6%8A%96%E9%9F%B3%E5%9B%9E%E5%BA%94%E5%AF%BB%E4%BA%B2%E6%88%90%E5%8A%9F,https://p3-sign.douyinpic.com/tos-cn-p-0015/2a98acbf5bf04669a5a9e7c0f89560c7_1701685407~noop.jpeg?x-expires=1701759600&x-signature=uaenPMvzxUiwxU4UH5N8iL4%2BmFY%3D&from=3218412987
20,解清帅哥哥回应3天没换衣服,2023-12-04 17:30:40,9165115,https://www.douyin.com/hot/1502637/%E8%A7%A3%E6%B8%85%E5%B8%85%E5%93%A5%E5%93%A5%E5%9B%9E%E5%BA%943%E5%A4%A9%E6%B2%A1%E6%8D%A2%E8%A1%A3%E6%9C%8D,https://p26-sign.douyinpic.com/tos-cn-p-0015/o4FvABBuEhEKK3uAjYyAszIBtIAGC19tgAvfhe~noop.jpeg?x-expires=1701759600&x-signature=dz1K2avLg5wMrP8GR8PANUpq00Q%3D&from=3218412987
21,探秘全球唯一8星级酒店自助,2023-12-04 19:09:28,9043468,https://www.douyin.com/hot/1502753/%E6%8E%A2%E7%A7%98%E5%85%A8%E7%90%83%E5%94%AF%E4%B8%808%E6%98%9F%E7%BA%A7%E9%85%92%E5%BA%97%E8%87%AA%E5%8A%A9,https://p3-sign.douyinpic.com/tos-cn-p-0004/56d2e9a242684035a483d1e8bf40d906_1701669783~noop.jpeg?x-expires=1701759600&x-signature=BXfntTYJNnrzU0M%2BtJub0gnVYzY%3D&from=3218412987
22,冬天和烤肉绝配,2023-12-04 23:16:20,9034923,https://www.douyin.com/hot/1502994/%E5%86%AC%E5%A4%A9%E5%92%8C%E7%83%A4%E8%82%89%E7%BB%9D%E9%85%8D,https://p9-sign.douyinpic.com/tos-cn-p-0015/oMh1bAnbIb7Ac89ZlsAEaENAgIebBOAQXqfbDR~noop.jpeg?x-expires=1701759600&x-signature=lh2HHOfcuHQgxxxXQdaPxK5HSSk%3D&from=3218412987
23,警方通报男子持刀杀3人后自杀,2023-12-04 13:29:33,8976149,https://www.douyin.com/hot/1502308/%E8%AD%A6%E6%96%B9%E9%80%9A%E6%8A%A5%E7%94%B7%E5%AD%90%E6%8C%81%E5%88%80%E6%9D%803%E4%BA%BA%E5%90%8E%E8%87%AA%E6%9D%80,https://p26-sign.douyinpic.com/tos-cn-i-dy/47a73cd60cd34fbaaa67a28cb8d340f4~noop.jpeg?x-expires=1701759600&x-signature=41w9sSyDtiJhdt%2FOoovLJ06F2IY%3D&from=3218412987
24,刘诗诗又发公主抱了,2023-12-04 15:56:03,8955801,https://www.douyin.com/hot/1502980/%E5%8D%8E%E6%98%A5%E8%8E%B9%E5%8F%91%E5%8D%A2%E5%8D%A1%E7%94%B3%E7%A7%91%E5%9C%A8%E4%BA%AC%E6%89%93%E5%86%B0%E7%90%83%E8%A7%86%E9%A2%91,https://p3-sign.douyinpic.com/tos-cn-p-0015/okMayceDMa7cDQ2IpCeKA8rnA8EqPBeAbu2BMP~noop.jpeg?x-expires=1701759600&x-signature=Zr4ZbGrQhCqrGndWtlByJcsKjos%3D&from=3218412987
25,未来4天全国气温温暖,2023-12-04 20:13:00,8922114,https://www.douyin.com/hot/1502490/%E5%88%98%E8%AF%97%E8%AF%97%E5%8F%88%E5%8F%91%E5%85%AC%E4%B8%BB%E6%8A%B1%E4%BA%86,https://p3-sign.douyinpic.com/tos-cn-p-0015/b9073204e8b84edf9289f505e83bad44_1701691742~noop.jpeg?x-expires=1701759600&x-signature=3hWAxkSfcgHmiZTkH5Gez8Rqf4I%3D&from=3218412987
26,五月天经纪公司否认假唱,2023-12-04 18:41:31,8921248,https://www.douyin.com/hot/1502818/%E6%9C%AA%E6%9D%A54%E5%A4%A9%E5%85%A8%E5%9B%BD%E6%B0%94%E6%B8%A9%E6%B8%A9%E6%9A%96,https://p3-sign.douyinpic.com/tos-cn-p-0015/oUEOTeByqttqXfyNN3Bz9gAACqAtAp5YdIrmht~noop.jpeg?x-expires=1701759600&x-signature=3Uekg%2BiH4gfS41cW09gOBXJFitI%3D&from=3218412987
27,宁远舟备孕是你的正经事,2023-12-04 17:51:33,8865037,https://www.douyin.com/hot/1502724/%E4%BA%94%E6%9C%88%E5%A4%A9%E7%BB%8F%E7%BA%AA%E5%85%AC%E5%8F%B8%E5%90%A6%E8%AE%A4%E5%81%87%E5%94%B1,https://p3-sign.douyinpic.com/tos-cn-p-0015/ocNteCAIDcnA2EUewMCnhKieLdAB7BBVEGCRbz~noop.jpeg?x-expires=1701759600&x-signature=Nd5oSM4EWpNkoyz6N%2BLG5MPVJyY%3D&from=3218412987
28,为什么绿化带会跟着我们跑,2023-12-04 23:43:57,8842969,https://www.douyin.com/hot/1502670/%E5%AE%81%E8%BF%9C%E8%88%9F%E5%A4%87%E5%AD%95%E6%98%AF%E4%BD%A0%E7%9A%84%E6%AD%A3%E7%BB%8F%E4%BA%8B,https://p3-sign.douyinpic.com/tos-cn-p-0015/9f1afc8ea241476394ba79f83f15f1e7_1701653249~noop.jpeg?x-expires=1701759600&x-signature=KMp0EypkuniVlwGLAYt8AEPXaRk%3D&from=3218412987
29,裁判文书里现安徽省南京市,2023-12-04 20:10:35,8842553,https://www.douyin.com/hot/1503007/%E4%B8%BA%E4%BB%80%E4%B9%88%E7%BB%BF%E5%8C%96%E5%B8%A6%E4%BC%9A%E8%B7%9F%E7%9D%80%E6%88%91%E4%BB%AC%E8%B7%91,https://p6-sign.douyinpic.com/tos-cn-p-0015/0a4e487a49a640c1be8c9bcface19b41_1701678678~noop.jpeg?x-expires=1701759600&x-signature=Fw0kkluUmqVtMZK%2Fe4hQ6iE3gh8%3D&from=3218412987
30,金价又刷新高 要不要买,2023-12-04 21:50:18,8826997,https://www.douyin.com/hot/1502928/%E9%87%91%E4%BB%B7%E5%8F%88%E5%88%B7%E6%96%B0%E9%AB%98%20%E8%A6%81%E4%B8%8D%E8%A6%81%E4%B9%B0,https://p3-sign.douyinpic.com/tos-cn-p-0015/o8AjyysBp05hAnfewZIB3yADVngNHdPtIdtERz~noop.jpeg?x-expires=1701759600&x-signature=3TBrW%2FYQ8TGyGSgCFPmLZhQuU%2Fc%3D&from=3218412987
31,为什么一直挺胸抬头是错误的,2023-12-04 21:19:37,8822586,https://www.douyin.com/hot/1502887/%E4%B8%BA%E4%BB%80%E4%B9%88%E4%B8%80%E7%9B%B4%E6%8C%BA%E8%83%B8%E6%8A%AC%E5%A4%B4%E6%98%AF%E9%94%99%E8%AF%AF%E7%9A%84,https://p26-sign.douyinpic.com/tos-cn-p-0015/o8clBtJEDDkeVFwAsgnEbWMJ9EgenABGAbJIWN~noop.jpeg?x-expires=1701759600&x-signature=CrzanHp%2BCJdx4TMmSbLVEV3EhcE%3D&from=3218412987
32,交警回应女子寻找僵尸车主人,2023-12-04 11:43:53,8767057,https://www.douyin.com/hot/1502212/%E4%BA%A4%E8%AD%A6%E5%9B%9E%E5%BA%94%E5%A5%B3%E5%AD%90%E5%AF%BB%E6%89%BE%E5%83%B5%E5%B0%B8%E8%BD%A6%E4%B8%BB%E4%BA%BA,https://p3-sign.douyinpic.com/tos-cn-p-0015/o4ItztIGAhHDIBRasCygfBxtEneqADVsRAO1LU~noop.jpeg?x-expires=1701759600&x-signature=gsQ8v7JMzYz1btfIiNsp0V4dWis%3D&from=3218412987
33,买甘蔗买出一种热带雨林的感觉,2023-12-04 21:51:24,8757213,https://www.douyin.com/hot/1502816/%E8%A3%81%E5%88%A4%E6%96%87%E4%B9%A6%E9%87%8C%E7%8E%B0%E5%AE%89%E5%BE%BD%E7%9C%81%E5%8D%97%E4%BA%AC%E5%B8%82,https://p3-sign.douyinpic.com/tos-cn-p-0015/a8f06cba60514256a616bcad6d842f46_1701676142~noop.jpeg?x-expires=1701759600&x-signature=Nj7r9dphZp0KqEBUhTFCU2mEiPM%3D&from=3218412987
34,抱紧了是闺蜜松开了是敌蜜,2023-12-05 07:38:34,8737105,https://www.douyin.com/hot/1503063/%E6%8A%B1%E7%B4%A7%E4%BA%86%E6%98%AF%E9%97%BA%E8%9C%9C%E6%9D%BE%E5%BC%80%E4%BA%86%E6%98%AF%E6%95%8C%E8%9C%9C,https://p11-sign.douyinpic.com/tos-cn-p-0015/ok6yudXh6AbGBeW9gEfttiDzNNCI59khAABhsI~noop.jpeg?x-expires=1701759600&x-signature=FIfYNveAJHKJPkj9hVN67hlYrvw%3D&from=3218412987
35,双12一站买齐打工人数码好物,2023-12-04 15:53:59,8736211,https://www.douyin.com/hot/1502486/%E5%8F%8C12%E4%B8%80%E7%AB%99%E4%B9%B0%E9%BD%90%E6%89%93%E5%B7%A5%E4%BA%BA%E6%95%B0%E7%A0%81%E5%A5%BD%E7%89%A9,https://p3-sign.douyinpic.com/tos-cn-p-0015/oEtCReE27acK4BAFIJoe70cPAHeBG4C4n02GQ2~noop.jpeg?x-expires=1701759600&x-signature=K9WuWRnf0nVkP5P19%2BdKnLFFc14%3D&from=3218412987
36,氧化菊广西大学见面会,2023-12-04 22:07:57,8725507,https://www.douyin.com/hot/1502947/%E6%B0%A7%E5%8C%96%E8%8F%8A%E5%B9%BF%E8%A5%BF%E5%A4%A7%E5%AD%A6%E8%A7%81%E9%9D%A2%E4%BC%9A,https://p3-sign.douyinpic.com/tos-cn-p-0015/597201d77d004230908a9917e58aa4ac_1701681710~noop.jpeg?x-expires=1701759600&x-signature=dcO5rgk4nOYFJTqLsSprmh9HkmU%3D&from=3218412987
37,B太游北方计划第六站黑河,2023-12-04 23:36:17,8669075,https://www.douyin.com/hot/1502931/%E4%B9%B0%E7%94%98%E8%94%97%E4%B9%B0%E5%87%BA%E4%B8%80%E7%A7%8D%E7%83%AD%E5%B8%A6%E9%9B%A8%E6%9E%97%E7%9A%84%E6%84%9F%E8%A7%89,https://p11-sign.douyinpic.com/tos-cn-p-0015/okD7MiQtzx3U9dnLCAbe8vAGDqIYwf7XBe2K6B~noop.jpeg?x-expires=1701759600&x-signature=vhBYAmWDMt3mi%2Bo4AGxD5U0XVqY%3D&from=3218412987
38,官方回应义乌建议居民存粮,2023-12-04 16:48:22,8625294,https://www.douyin.com/hot/1502738/%E4%BF%84%E5%8C%97%E6%96%B9%E8%88%B0%E9%98%9F%E7%AC%AC14%E5%86%9B%E5%9B%A2%E5%89%AF%E5%8F%B8%E4%BB%A4%E8%BA%AB%E4%BA%A1,https://p3-sign.douyinpic.com/tos-cn-p-0015/okY3ExeXBRCBjfotABnAImbX9olgiBtANYD7ba~noop.jpeg?x-expires=1701759600&x-signature=JBp4UwPWGYkvOPGtSyDfRjXY7eM%3D&from=3218412987
39,俄北方舰队第14军团副司令身亡,2023-12-04 18:53:18,8576609,https://www.douyin.com/hot/1502282/%E4%B8%81%E4%BF%8A%E6%99%96%E8%BE%93%E6%8E%89%E6%AF%94%E8%B5%9B%E5%8D%B4%E6%89%BE%E5%9B%9E%E8%87%AA%E6%88%91,https://p26-sign.douyinpic.com/tos-cn-p-0015/okDkfh9AEAAbaIBtBlygxc5YNBemzqbna4Ik8Y~noop.jpeg?x-expires=1701759600&x-signature=nrK3ZL%2BA9UoJbzA1zTU2TDcDPb8%3D&from=3218412987
40,丁俊晖输掉比赛却找回自我,2023-12-04 13:00:09,8474816,https://www.douyin.com/hot/1502870/%E6%B8%AF%E5%BA%9C%E4%BE%9D%E6%B3%95%E8%BF%BD%E6%8D%95%E5%91%A8%E5%BA%AD%EF%BC%9A%E5%9B%9E%E5%A4%B4%E6%98%AF%E5%B2%B8,https://p26-sign.douyinpic.com/tos-cn-p-0015/oEnktRbjBg3VleAArqSBA4CeDbIAWEzg9Ylk5C~noop.jpeg?x-expires=1701759600&x-signature=UuEJk3V6BrWoDLxTkRNLNeBkrlg%3D&from=3218412987
41,港府依法追捕周庭：回头是岸,2023-12-04 20:53:02,8445776,https://www.douyin.com/hot/1503042/%E6%99%AE%E4%BA%AC%E6%95%99%E5%B0%8F%E6%9C%8B%E5%8F%8B%E5%87%BB%E6%8E%8C,https://p26-sign.douyinpic.com/tos-cn-p-0015/e915fc9af4104baf8b88129d0415f26f_1701695871~noop.jpeg?x-expires=1701759600&x-signature=PeIDpFS8kdkk9ed8ijvegQK5MvE%3D&from=3218412987
42,普京教小朋友击掌,2023-12-05 07:28:43,8426910,https://www.douyin.com/hot/1502695/%E4%B9%90%E8%AF%84%E4%BA%BA%E7%A7%B0%E4%BA%94%E6%9C%88%E5%A4%A9%E8%BF%9E%E5%BC%808%E5%9C%BA%E6%9E%81%E4%B8%8D%E5%90%88%E7%90%86,https://p3-sign.douyinpic.com/tos-cn-p-0015/1db7c4c3988242b894d23b16cef3d07b_1701699602~noop.jpeg?x-expires=1701759600&x-signature=vCv%2FpWqyWbZMyajyjgeZliGFqnM%3D&from=3218412987
43,麦小登顺利出院了,2023-12-04 17:56:08,8411083,https://www.douyin.com/hot/1502675/%E9%BA%A6%E5%B0%8F%E7%99%BB%E9%A1%BA%E5%88%A9%E5%87%BA%E9%99%A2%E4%BA%86,https://p3-sign.douyinpic.com/tos-cn-p-0015/o4DeMthNvLt0OtNMAcA7omgEztAEfAB34BOytI~noop.jpeg?x-expires=1701759600&x-signature=jaZS5DRcgR0fu1skWivPrL99psk%3D&from=3218412987
44,乐评人称五月天连开8场极不合理,2023-12-04 18:04:55,8376257,https://www.douyin.com/hot/1502668/%E5%81%87%E5%A6%82%E5%AE%B6%E9%95%BF%E7%BE%A4%E8%81%8A%E5%AE%9E%E4%BD%93%E5%8C%96,https://p3-sign.douyinpic.com/tos-cn-p-0015/oYCBb1rAJZ7n33AtBRS941b9APA8tnDlgEeIeq~noop.jpeg?x-expires=1701759600&x-signature=86NB6Osua9X5b1unbzph8jssPeU%3D&from=3218412987
45,金铲铲之战中的数学原理,2023-12-04 20:49:29,8326652,https://www.douyin.com/hot/1502575/%E5%AE%98%E6%96%B9%E5%9B%9E%E5%BA%94%E4%B9%89%E4%B9%8C%E5%BB%BA%E8%AE%AE%E5%B1%85%E6%B0%91%E5%AD%98%E7%B2%AE,https://p3-sign.douyinpic.com/tos-cn-p-0015/740ae0c6894943ef9dfd510ba242a77b_1701590457~noop.jpeg?x-expires=1701759600&x-signature=QVfFZXziMf1BrqEsP67yv9iQEvA%3D&from=3218412987
46,盲人的世界里不只有按摩床,2023-12-04 19:16:24,8209317,https://www.douyin.com/hot/1502868/%E9%87%91%E9%93%B2%E9%93%B2%E4%B9%8B%E6%88%98%E4%B8%AD%E7%9A%84%E6%95%B0%E5%AD%A6%E5%8E%9F%E7%90%86,https://p3-sign.douyinpic.com/tos-cn-p-0015/7c826f9ea00a4971ad7eaa9e0fb0849d_1701680444~noop.jpeg?x-expires=1701759600&x-signature=aEhaYJ3iH2KngdGp4XzCdvod%2B60%3D&from=3218412987
47,假如家长群聊实体化,2023-12-04 17:50:50,8181136,https://www.douyin.com/hot/1502624/%E8%B0%81%E8%BF%98%E6%B2%A1%E6%9C%89%E4%B8%80%E5%BC%A0%E7%BA%A2%E5%BA%95%E7%85%A7%E5%91%A2,https://p11-sign.douyinpic.com/tos-cn-p-0015/oofaQ08HfVDQrbxYAFnAgvbi98lglBDA6EDLbv~noop.jpeg?x-expires=1701759600&x-signature=7XpKllUDQcmPG4AQzuP6ZV4Y4Sk%3D&from=3218412987
48,这个杀手不太冷导演新片,2023-12-04 11:28:04,8161908,https://www.douyin.com/hot/1502765/%E7%9B%B2%E4%BA%BA%E7%9A%84%E4%B8%96%E7%95%8C%E9%87%8C%E4%B8%8D%E5%8F%AA%E6%9C%89%E6%8C%89%E6%91%A9%E5%BA%8A,https://p3-sign.douyinpic.com/tos-cn-p-0015/33c240ded13f47da954cff6fc9e18c7c_1701655811~noop.jpeg?x-expires=1701759600&x-signature=Xpw3bT8eVQTuNN3zy5VaFgTMuhs%3D&from=3218412987
49,谁还没有一张红底照呢,2023-12-04 17:19:52,8141006,https://www.douyin.com/hot/1502534/%E4%B8%80%E5%BF%B5%E5%85%B3%E5%B1%B1%E6%8A%96%E9%9F%B3%E8%BF%BD%E5%89%A7%E5%9B%A2,https://p9-sign.douyinpic.com/tos-cn-p-0015/63f0838f31494cff8487f470cacc3f22_1701618239~noop.jpeg?x-expires=1701759600&x-signature=vi%2F7uaHFCJ3ewj5W9GdPk5f%2BA7U%3D&from=3218412987
50,和章若楠在照明商店见吧,2023-12-04 17:24:27,8094612,https://www.douyin.com/hot/1502631/%E5%92%8C%E7%AB%A0%E8%8B%A5%E6%A5%A0%E5%9C%A8%E7%85%A7%E6%98%8E%E5%95%86%E5%BA%97%E8%A7%81%E5%90%A7,https://p3-sign.douyinpic.com/tos-cn-p-0015/e311d98269b14a42913808503c7b2fcc_1701681667~noop.jpeg?x-expires=1701759600&x-signature=98EfGaDAs3N8e92N%2BHLXhaCskNY%3D&from=3218412987
