﻿热搜排名,热搜标题,简介,热度值,热搜链接,热搜封面
1,当代买房现状,"当代买房现状,从眼里有光到爆雷",2210000,https://tieba.baidu.com/hottopic/browse/hottopic?topic_id=20624778&topic_name=%E5%BD%93%E4%BB%A3%E4%B9%B0%E6%88%BF%E7%8E%B0%E7%8A%B6,https://tiebapic.baidu.com/forum/whfpf%3D84%2C88%2C40%3Bq%3D90/sign=189b68dfb4d3572c66b7cf9cec2e5b13/342ac65c10385343e9b8b817d513b07eca808894.jpg?tbpicau=2023-11-23-05_26fb61496e064720a7c83171ab500438
2,香港田径总会就冲线问题致歉,11月19日，香港，首届东亚半程马拉松锦标赛在港珠澳大桥香港段举办，中国运动员谢冬生夺冠，但谢冬生在冲线时冲线带却被工作人员收走，随后重新拉...,2116000,https://tieba.baidu.com/hottopic/browse/hottopic?topic_id=20628271&topic_name=%E9%A6%99%E6%B8%AF%E7%94%B0%E5%BE%84%E6%80%BB%E4%BC%9A%E5%B0%B1%E5%86%B2%E7%BA%BF%E9%97%AE%E9%A2%98%E8%87%B4%E6%AD%89,https://tiebapic.baidu.com/forum/whfpf%3D84%2C88%2C40%3Bq%3D90/sign=4c438c07e78b87d65017f85f6135100c/500fd9f9d72a6059da72df2c6e34349b033bbaa2.jpg?tbpicau=2023-11-23-05_5cd19d28672d91069cd6f0e78cc0ebbb
3,“孙吧名探”擒拿盗刷校园卡人,吧友化身“孙笑川吧名探”擒拿盗刷校园卡人,1601000,https://tieba.baidu.com/hottopic/browse/hottopic?topic_id=20624414&topic_name=%E2%80%9C%E5%AD%99%E5%90%A7%E5%90%8D%E6%8E%A2%E2%80%9D%E6%93%92%E6%8B%BF%E7%9B%97%E5%88%B7%E6%A0%A1%E5%9B%AD%E5%8D%A1%E4%BA%BA,https://tiebapic.baidu.com/forum/whfpf%3D84%2C88%2C40%3Bq%3D90/sign=16d15b3b609759ee4a05338bd4c67b22/96dda144ad345982ac9cdaa44af431adcbef84f5.jpg?tbpicau=2023-11-23-05_3a399b1b44b1608839f6ea4bb66eaf8e
4,世预赛中国vs韩国,11月21日20:00，中国男足将迎来2026世界杯暨2027沙特亚洲杯联合预选赛的第二场比赛，在深圳大运中心体育场主场迎战韩国队。,1335000,https://tieba.baidu.com/hottopic/browse/hottopic?topic_id=20640133&topic_name=%E4%B8%96%E9%A2%84%E8%B5%9B%E4%B8%AD%E5%9B%BDvs%E9%9F%A9%E5%9B%BD,https://tiebapic.baidu.com/forum/whfpf%3D84%2C88%2C40%3Bq%3D90/sign=dd8c4fa19f33c895a62bcb3bb72e4bc4/03087bf40ad162d9207b5a2a57dfa9ec8a13cd6b.jpg?tbpicau=2023-11-23-05_4e6151caa193ee39741e652669b11183
5,鸟吧特色地狱笑话,吧宠傻咕咕与天敌隼的故事，是鸟吧喜闻乐见的剧情。,1140000,https://tieba.baidu.com/hottopic/browse/hottopic?topic_id=20616511&topic_name=%E9%B8%9F%E5%90%A7%E7%89%B9%E8%89%B2%E5%9C%B0%E7%8B%B1%E7%AC%91%E8%AF%9D,https://tiebapic.baidu.com/forum/whfpf%3D84%2C88%2C40%3Bq%3D90/sign=10e036fcc48ba61edfbb9b6f2709af3e/d833c895d143ad4b70c676f6c4025aafa40f061f.jpg?tbpicau=2023-11-23-05_2b61941cb1ce6cb6ad098ea835249260
6,高校CP哪家强,自从清北换上情头，不少大学跃跃欲试开启联姻，吧友同意这门亲事吗？,925000,https://tieba.baidu.com/hottopic/browse/hottopic?topic_id=20620415&topic_name=%E9%AB%98%E6%A0%A1CP%E5%93%AA%E5%AE%B6%E5%BC%BA,https://tiebapic.baidu.com/forum/whfpf%3D84%2C88%2C40%3Bq%3D90/sign=af10fdebed64034f0f989146c9fe4105/f603918fa0ec08fab5d620911fee3d6d55fbda36.jpg?tbpicau=2023-11-23-05_31cfd0660cd8a0268b303fdb9f18313d
7,加拿大擦边主播去农村支教,一名加拿大抖音男主播连续几周频繁失踪，不直播、不做生意、不回复品牌信息，最后被发现去了中国农村小学支教，甚至还捐钱建了座图书馆。英雄不一定站...,729000,https://tieba.baidu.com/hottopic/browse/hottopic?topic_id=20632231&topic_name=%E5%8A%A0%E6%8B%BF%E5%A4%A7%E6%93%A6%E8%BE%B9%E4%B8%BB%E6%92%AD%E5%8E%BB%E5%86%9C%E6%9D%91%E6%94%AF%E6%95%99,https://tiebapic.baidu.com/forum/whfpf%3D84%2C88%2C40%3Bq%3D90/sign=f406b5148efcc3ceb4959a73f478eebc/8b82b9014a90f603c09ba5717f12b31bb051edd9.jpg?tbpicau=2023-11-23-05_e0118984a6cad25012c41da51692347f
8,芙莉莲成为MAL评分最高动画,《葬送的芙莉莲》以9.10分冲上MyAnimeList第一名，成为史上评分最高的动画。,595000,https://tieba.baidu.com/hottopic/browse/hottopic?topic_id=20641022&topic_name=%E8%8A%99%E8%8E%89%E8%8E%B2%E6%88%90%E4%B8%BAMAL%E8%AF%84%E5%88%86%E6%9C%80%E9%AB%98%E5%8A%A8%E7%94%BB,https://tiebapic.baidu.com/forum/whfpf%3D84%2C88%2C40%3Bq%3D90/sign=d4b2fed8f28f8c54e386966f5c1415c1/c2fdfc039245d688afdc8a92e2c27d1ed21b242d.jpg?tbpicau=2023-11-23-05_d7c266af32c3d7da0547d049d9c73a71
9,英雄联盟13.23版本更新,英雄联盟2024年季前赛版本正式更新，“神话”概念移除，英雄装备迎来多处更新调整。,577000,https://tieba.baidu.com/hottopic/browse/hottopic?topic_id=20642858&topic_name=%E8%8B%B1%E9%9B%84%E8%81%94%E7%9B%9F13.23%E7%89%88%E6%9C%AC%E6%9B%B4%E6%96%B0,https://tiebapic.baidu.com/forum/whfpf%3D84%2C88%2C40%3Bq%3D90/sign=25c4d88e923f8794d3aa1b6eb42636c0/3812b31bb051f8193199387c9cb44aed2e73e74c.jpg?tbpicau=2023-11-23-05_2729878bf09a097c121c0fb8247e40a2
10,B站打击人肉开盒行为,B站通报一起“人肉开盒”案例：违法者共计40余人，案涉18省市，主要活动者是未成年人，一未成年人被警方行拘。,486000,https://tieba.baidu.com/hottopic/browse/hottopic?topic_id=20621197&topic_name=B%E7%AB%99%E6%89%93%E5%87%BB%E4%BA%BA%E8%82%89%E5%BC%80%E7%9B%92%E8%A1%8C%E4%B8%BA,https://tiebapic.baidu.com/forum/whfpf%3D84%2C88%2C40%3Bq%3D90/sign=46bda3c43b1ed21b799c7da5cb53e5f0/f9198618367adab48bc42975cdd4b31c8701e4f4.jpg?tbpicau=2023-11-23-05_3878f07b06cba612e618579694a546ee
11,孙吧等级锐评,孙吧等级大锐评，快来看看你属于哪个等级,406000,https://tieba.baidu.com/hottopic/browse/hottopic?topic_id=20598846&topic_name=%E5%AD%99%E5%90%A7%E7%AD%89%E7%BA%A7%E9%94%90%E8%AF%84,https://tiebapic.baidu.com/forum/whfpf%3D84%2C88%2C40%3Bq%3D90/sign=ee6eca8623380cd7e64bf1adc7799500/0823dd54564e92588f19b3d8da82d158ccbf4ed2.jpg?tbpicau=2023-11-23-05_742a3572d54f85569357e5c159d4a56f
12,2023LOL冬季转会期,2023英雄联盟职业赛事冬季转会期即将开始，起止时间为：2023年11月21日上午07:59到2023年12月12日上午11:59。,326000,https://tieba.baidu.com/hottopic/browse/hottopic?topic_id=20627527&topic_name=2023LOL%E5%86%AC%E5%AD%A3%E8%BD%AC%E4%BC%9A%E6%9C%9F,https://tiebapic.baidu.com/forum/whfpf%3D84%2C88%2C40%3Bq%3D90/sign=0951a64d971373f0f56a3cdfc23273cf/f3d3572c11dfa9ec5201682124d0f703918fc1dd.jpg?tbpicau=2023-11-23-05_66f6cd943ba1f560668e261bb8ace9a2
13,继茅子之后它又盯上了热红酒,瑞星官宣推出热红酒美式，据悉除了真实红酒外，还用了热红酒风味调味糖浆，里面酒精含量低于0.5%vol，比上次的酱香拿铁还要低一些。大伙们试过...,262000,https://tieba.baidu.com/hottopic/browse/hottopic?topic_id=20640298&topic_name=%E7%BB%A7%E8%8C%85%E5%AD%90%E4%B9%8B%E5%90%8E%E5%AE%83%E5%8F%88%E7%9B%AF%E4%B8%8A%E4%BA%86%E7%83%AD%E7%BA%A2%E9%85%92,https://tiebapic.baidu.com/forum/whfpf%3D84%2C88%2C40%3Bq%3D90/sign=457e34ddf0fd5266a77e6f54cd25af1f/a08b87d6277f9e2fc3bd253e5930e924b899f378.jpg?tbpicau=2023-11-23-05_4534671e0cfcb189c0f07d8351852782
14,天玑8300发布,联发科在最新的发布会上发布了天玑8300,224000,https://tieba.baidu.com/hottopic/browse/hottopic?topic_id=20642115&topic_name=%E5%A4%A9%E7%8E%918300%E5%8F%91%E5%B8%83,https://tiebapic.baidu.com/forum/whfpf%3D84%2C88%2C40%3Bq%3D90/sign=12ed5f3b609759ee4a05338bd4c67b22/96dda144ad345982a8a0dea44af431adcbef84d9.jpg?tbpicau=2023-11-23-05_25b67f0163c098782cd1982a34d0bed0
15,电视家发布公告回应停服,电视家发布公告回应停服问题，称会妥善解决用户问题。,215000,https://tieba.baidu.com/hottopic/browse/hottopic?topic_id=20627860&topic_name=%E7%94%B5%E8%A7%86%E5%AE%B6%E5%8F%91%E5%B8%83%E5%85%AC%E5%91%8A%E5%9B%9E%E5%BA%94%E5%81%9C%E6%9C%8D,https://tiebapic.baidu.com/forum/whfpf%3D84%2C88%2C40%3Bq%3D90/sign=c239d91d48f41bd5da06bbb437e7b9ff/377adab44aed2e7334f3b81ac101a18b87d6faea.jpg?tbpicau=2023-11-23-05_605469db522af1e59f013d19adbb1ae4
16,DK官宣三人离队,DK官宣Canyon、Deft、Canna选手合约到期成为自由人,188000,https://tieba.baidu.com/hottopic/browse/hottopic?topic_id=20628228&topic_name=DK%E5%AE%98%E5%AE%A3%E4%B8%89%E4%BA%BA%E7%A6%BB%E9%98%9F,https://tiebapic.baidu.com/forum/whfpf%3D84%2C88%2C40%3Bq%3D90/sign=d32680d2f51c8701d6e3e1a64142a61b/eaf81a4c510fd9f92a7f6b5f632dd42a2834a498.jpg?tbpicau=2023-11-23-05_6878d936ddded5fb3be830d3e77377bc
17,孤独到极致是一种什么感觉,能一句话形容下孤独到极致是一种什么感觉吗？一起来聊聊。,179000,https://tieba.baidu.com/hottopic/browse/hottopic?topic_id=20638496&topic_name=%E5%AD%A4%E7%8B%AC%E5%88%B0%E6%9E%81%E8%87%B4%E6%98%AF%E4%B8%80%E7%A7%8D%E4%BB%80%E4%B9%88%E6%84%9F%E8%A7%89,https://tiebapic.baidu.com/forum/whfpf%3D84%2C88%2C40%3Bq%3D90/sign=1d67dc0ff5de9c82a630aacf0abcb83e/aa18972bd40735fa69f2768fd8510fb30f240881.jpg?tbpicau=2023-11-23-05_1b4b76f935b0d3225d0fde5ba937b935
18,95花现状,有些95花逐步被淘汰了？如何评价？,129000,https://tieba.baidu.com/hottopic/browse/hottopic?topic_id=20624627&topic_name=95%E8%8A%B1%E7%8E%B0%E7%8A%B6,https://tiebapic.baidu.com/forum/whfpf%3D84%2C88%2C40%3Bq%3D90/sign=09bedb5e8abf6c81f7627fa8da038901/34fae6cd7b899e519a8f052204a7d933c8950d86.jpg?tbpicau=2023-11-23-05_82b781ad507be9c980b737bda2c26abc
19,2023英雄联盟北极星皮肤,2023英雄联盟北极星系列皮肤原画公开，获得这次皮肤的英雄有赛娜、卢锡安、塞拉斯、锤石、赫卡里姆、卡蜜尔、至臻卡蜜尔等,119000,https://tieba.baidu.com/hottopic/browse/hottopic?topic_id=20627086&topic_name=2023%E8%8B%B1%E9%9B%84%E8%81%94%E7%9B%9F%E5%8C%97%E6%9E%81%E6%98%9F%E7%9A%AE%E8%82%A4,https://tiebapic.baidu.com/forum/whfpf%3D84%2C88%2C40%3Bq%3D90/sign=59d0de0173fae6cd0ce1f821698e3710/e824b899a9014c08a0fd17934c7b02087af4f4c6.jpg?tbpicau=2023-11-23-05_5f519fc98ee77dac77955a14a36c13ae
20,如何评价TheShy世界赛表现,S13总决赛，T1 3-0战胜WBG。赛后采访TheShy自责地哭了，大家觉得TheShy本次世界赛表现怎么样？,109000,https://tieba.baidu.com/hottopic/browse/hottopic?topic_id=20600144&topic_name=%E5%A6%82%E4%BD%95%E8%AF%84%E4%BB%B7TheShy%E4%B8%96%E7%95%8C%E8%B5%9B%E8%A1%A8%E7%8E%B0,https://tiebapic.baidu.com/forum/whfpf%3D84%2C88%2C40%3Bq%3D90/sign=a245e0f8df25bc312b0852d838e2b585/7c1ed21b0ef41bd522deddc217da81cb39db3d72.jpg?tbpicau=2023-11-23-05_8db0e848732e3e011cde46190bc23817
21,甄嬛传剧组重聚,甄嬛传众演员在活动中重聚，网友直呼爷青回。,94000,https://tieba.baidu.com/hottopic/browse/hottopic?topic_id=20620209&topic_name=%E7%94%84%E5%AC%9B%E4%BC%A0%E5%89%A7%E7%BB%84%E9%87%8D%E8%81%9A,https://tiebapic.baidu.com/forum/whfpf%3D84%2C88%2C40%3Bq%3D90/sign=d927c81ddb16fdfad83995aed2b2b460/4610b912c8fcc3cebd35fa05d445d688d43f200a.jpg?tbpicau=2023-11-23-05_2f5666edf9158b7b9c7ad38b3f7df5ce
22,如何看待《我本是高山》改编争议,张桂梅校长故事为原型的改编电影《我本是高山》近日陷入剧情改编争议，编剧火爆发声激起网友不满，六公主积极声援电影。如何看待这次的舆论节奏？,81000,https://tieba.baidu.com/hottopic/browse/hottopic?topic_id=20593592&topic_name=%E5%A6%82%E4%BD%95%E7%9C%8B%E5%BE%85%E3%80%8A%E6%88%91%E6%9C%AC%E6%98%AF%E9%AB%98%E5%B1%B1%E3%80%8B%E6%94%B9%E7%BC%96%E4%BA%89%E8%AE%AE,https://tiebapic.baidu.com/forum/whfpf%3D84%2C88%2C40%3Bq%3D90/sign=29ade3ddfa3eb1354492e4fbc02390e7/0eb30f2442a7d93361322b46eb4bd11373f00169.jpg?tbpicau=2023-11-23-05_9404aab4202aa0c6dce30c6335ab04f9
23,于蕾拟任2024龙年央视春晚总导演,据悉，去年担任央视春晚和元宵晚会总导演的于蕾，有望再度扛起龙年央视春晚的大旗。目前2024龙年央视春晚已低调建组，语言类节目约稿创作中，有望...,64000,https://tieba.baidu.com/hottopic/browse/hottopic?topic_id=20618599&topic_name=%E4%BA%8E%E8%95%BE%E6%8B%9F%E4%BB%BB2024%E9%BE%99%E5%B9%B4%E5%A4%AE%E8%A7%86%E6%98%A5%E6%99%9A%E6%80%BB%E5%AF%BC%E6%BC%94,https://tiebapic.baidu.com/forum/whfpf%3D84%2C88%2C40%3Bq%3D90/sign=496c09b5492442a7ae5baee5b77e957f/1c950a7b02087bf4ddec64dfb4d3572c11dfcf80.jpg?tbpicau=2023-11-23-05_e107b720de24466097661ebaeed1cfc9
24,OpenAI创始人加入微软,据财联社消息，微软CEO纳德拉在社交平台X上表示，OpenAI创始人Sam Altman（山姆·奥特曼）、Greg Brockman（格雷格...,56000,https://tieba.baidu.com/hottopic/browse/hottopic?topic_id=20613044&topic_name=OpenAI%E5%88%9B%E5%A7%8B%E4%BA%BA%E5%8A%A0%E5%85%A5%E5%BE%AE%E8%BD%AF,https://tiebapic.baidu.com/forum/whfpf%3D84%2C88%2C40%3Bq%3D90/sign=927bf330e9c379317d3dd5698df98f71/503d269759ee3d6dbf70b6fd05166d224f4ade56.jpg?tbpicau=2023-11-23-05_b964076302d363d566b33215d1e0ce12
25,古人怎么熬过零下的寒冬,有网友好奇，以前古代人怎么熬过零下寒冬的，你知道吗？一起来聊聊。,52000,https://tieba.baidu.com/hottopic/browse/hottopic?topic_id=20613484&topic_name=%E5%8F%A4%E4%BA%BA%E6%80%8E%E4%B9%88%E7%86%AC%E8%BF%87%E9%9B%B6%E4%B8%8B%E7%9A%84%E5%AF%92%E5%86%AC,https://tiebapic.baidu.com/forum/whfpf%3D84%2C88%2C40%3Bq%3D90/sign=1d97b53375fa828bd176cea39b227900/43a7d933c895d1430ce2d51535f082025aaf076b.jpg?tbpicau=2023-11-23-05_f9d5f14b498a9b93b882ec68edec8b90
26,乌尔善取关封神所有演员,导演乌尔善在社交平台取关了封神相关的所有演员，取关人员包括陈坤黄渤等明星，关注列表从1000多关注变成了100多。这是发生了什么？ ​,43000,https://tieba.baidu.com/hottopic/browse/hottopic?topic_id=20606456&topic_name=%E4%B9%8C%E5%B0%94%E5%96%84%E5%8F%96%E5%85%B3%E5%B0%81%E7%A5%9E%E6%89%80%E6%9C%89%E6%BC%94%E5%91%98,https://tiebapic.baidu.com/forum/whfpf%3D84%2C88%2C40%3Bq%3D90/sign=768624911fee3d6d2293d48b252b5516/a044ad345982b2b7f7190ef277adcbef76099b05.jpg?tbpicau=2023-11-23-05_62c8aac94304b3a9becfadbf37d1a664
27,小虎赛后风评,小虎现在风评这么好吗？都是打T1，JDG赢了一局，左手被喷隐身。WBG被零封，小虎却是尽力了。大家觉得小虎决赛表现怎么样？三把有什么作用吗？,31000,https://tieba.baidu.com/hottopic/browse/hottopic?topic_id=20600516&topic_name=%E5%B0%8F%E8%99%8E%E8%B5%9B%E5%90%8E%E9%A3%8E%E8%AF%84,https://tiebapic.baidu.com/forum/whfpf%3D84%2C88%2C40%3Bq%3D90/sign=cbf1670f8f3d70cf4caff94d9ee1e934/f636afc379310a5507d6ebc2f14543a982261011.jpg?tbpicau=2023-11-23-05_f30eb819c19676f0b2c01297b3fd9c76
28,LPL世界赛四队分锅,英雄联盟S13结束了，来给LPL四支战队分个锅，哪队问题更大？,23000,https://tieba.baidu.com/hottopic/browse/hottopic?topic_id=20602657&topic_name=LPL%E4%B8%96%E7%95%8C%E8%B5%9B%E5%9B%9B%E9%98%9F%E5%88%86%E9%94%85,https://tiebapic.baidu.com/forum/whfpf%3D84%2C88%2C40%3Bq%3D90/sign=447f0df591ca7bcb7d2e946fd8345357/8c1001e93901213f8e7f7aea12e736d12f2e95b3.jpg?tbpicau=2023-11-23-05_eae321c5cda6b86aa60c310c98a5ff69
29,这可能是LOL史上技能最多的英雄,在《英雄联盟》S13总决赛上，拳头游戏公布了新英雄“异画师 彗，他一共拥有10个技能。大伙们如何评价？,20000,https://tieba.baidu.com/hottopic/browse/hottopic?topic_id=20600480&topic_name=%E8%BF%99%E5%8F%AF%E8%83%BD%E6%98%AFLOL%E5%8F%B2%E4%B8%8A%E6%8A%80%E8%83%BD%E6%9C%80%E5%A4%9A%E7%9A%84%E8%8B%B1%E9%9B%84,https://tiebapic.baidu.com/forum/whfpf%3D84%2C88%2C40%3Bq%3D90/sign=8ac895cc97c8a786be7f194e0134f109/4afbfbedab64034fd727f730e9c379310a551d19.jpg?tbpicau=2023-11-23-05_b7a8d46facae86d87b06174854eba0ce
30,杰斯吧和永恩吧终有一战,T1战队S13冠军皮肤选择情况：Zeus杰斯和永恩二选一。杰斯吧和永恩吧吧友就皮肤归属展开讨论，大伙觉得冠军皮肤花落谁家？,15000,https://tieba.baidu.com/hottopic/browse/hottopic?topic_id=20597820&topic_name=%E6%9D%B0%E6%96%AF%E5%90%A7%E5%92%8C%E6%B0%B8%E6%81%A9%E5%90%A7%E7%BB%88%E6%9C%89%E4%B8%80%E6%88%98,https://tiebapic.baidu.com/forum/whfpf%3D84%2C88%2C40%3Bq%3D90/sign=61221b14d6ef76c6d087a86bfb2bc5ce/d000baa1cd11728bc3ef45178efcc3cec2fd2cc1.jpg?tbpicau=2023-11-23-05_fb4d5e34acda4a3e575be1e2fe4d032b
