﻿热搜排名,热搜标题,简介,热度值,热搜链接,热搜封面
1,清算时刻！LPL韩援打分,我发LPL历史韩援，大家来打分！公正评价，看看哪些是内鬼？,1802000,https://tieba.baidu.com/hottopic/browse/hottopic?topic_id=20392592&topic_name=%E6%B8%85%E7%AE%97%E6%97%B6%E5%88%BB%EF%BC%81LPL%E9%9F%A9%E6%8F%B4%E6%89%93%E5%88%86,https://tiebapic.baidu.com/forum/whfpf%3D84%2C88%2C40%3Bq%3D90/sign=4fc30e178efcc3ceb4959a73f478eebc/8b82b9014a90f6037b5e1e727f12b31bb051ed1d.jpg?tbpicau=2023-11-15-05_54a86b139b8237d2fb9fa9a3405e7f25
2,缅甸果敢四大家族成员忏悔视频,缅甸果敢四大家族成员发布“劝降”视频，称将杜绝电诈，并喊话家族成员放人，如何看待此事？,1786000,https://tieba.baidu.com/hottopic/browse/hottopic?topic_id=20398663&topic_name=%E7%BC%85%E7%94%B8%E6%9E%9C%E6%95%A2%E5%9B%9B%E5%A4%A7%E5%AE%B6%E6%97%8F%E6%88%90%E5%91%98%E5%BF%8F%E6%82%94%E8%A7%86%E9%A2%91,https://tiebapic.baidu.com/forum/whfpf%3D84%2C88%2C40%3Bq%3D90/sign=5934d95c632dd42a5f5c52eb65066381/91ef76c6a7efce1b130844ffe951f3deb48f65e0.jpg?tbpicau=2023-11-15-05_33c24637c8dc3ec70ae667d0fe2d2ffc
3,相亲65个女生终于上岸了,相亲65个女生终于上岸了！看吧友分享奇葩相亲经历。,1325000,https://tieba.baidu.com/hottopic/browse/hottopic?topic_id=20392693&topic_name=%E7%9B%B8%E4%BA%B265%E4%B8%AA%E5%A5%B3%E7%94%9F%E7%BB%88%E4%BA%8E%E4%B8%8A%E5%B2%B8%E4%BA%86,https://tiebapic.baidu.com/forum/whfpf%3D84%2C88%2C40%3Bq%3D90/sign=6a36791edb16fdfad83995aed2b2b460/4610b912c8fcc3ce0e244b06d445d688d43f201b.jpg?tbpicau=2023-11-15-05_8fb8595f6a97ce9297c855884d457811
4,高校贴吧头像东方化异变,高校贴吧掀起换头像风潮！当校徽与《东方Project》人物结合，会发生什么？,1022000,https://tieba.baidu.com/hottopic/browse/hottopic?topic_id=20406596&topic_name=%E9%AB%98%E6%A0%A1%E8%B4%B4%E5%90%A7%E5%A4%B4%E5%83%8F%E4%B8%9C%E6%96%B9%E5%8C%96%E5%BC%82%E5%8F%98,https://tiebapic.baidu.com/forum/whfpf%3D84%2C88%2C40%3Bq%3D90/sign=483f5221fe99a9013b6008767ba8324f/023b5bb5c9ea15ce61dc6e3cf0003af33a87b2d1.jpg?tbpicau=2023-11-15-05_8f0b3cd2e8ad2f4db8219596fcee833f
5,假如WBG夺冠,WBG对战T1在即，假如WBG真的夺冠了，你会做什么？,863000,https://tieba.baidu.com/hottopic/browse/hottopic?topic_id=20412219&topic_name=%E5%81%87%E5%A6%82WBG%E5%A4%BA%E5%86%A0,https://tiebapic.baidu.com/forum/whfpf%3D84%2C88%2C40%3Bq%3D90/sign=b60ece88ef773912c473d6219e24be2c/0df3d7ca7bcb0a46b212030c2d63f6246b60afd7.jpg?tbpicau=2023-11-15-05_7396ea4d65748dd55bc4583546315863
6,航吧口吧都看的人是什么成分,航吧口吧都看的人是什么成分？口友和航友掉水里，航吧人口吧吧友先救谁？,811000,https://tieba.baidu.com/hottopic/browse/hottopic?topic_id=20408513&topic_name=%E8%88%AA%E5%90%A7%E5%8F%A3%E5%90%A7%E9%83%BD%E7%9C%8B%E7%9A%84%E4%BA%BA%E6%98%AF%E4%BB%80%E4%B9%88%E6%88%90%E5%88%86,https://tiebapic.baidu.com/forum/whfpf%3D84%2C88%2C40%3Bq%3D90/sign=3cc2d066b0246b607b5be1348dc52278/55e736d12f2eb938199bf4c793628535e5dd6f15.jpg?tbpicau=2023-11-15-05_ce94034317bed36df885b4d790c34638
7,人在美国 你问我答,鼠鼠在国外上学，目前在美国。如果你对美国有什么问题都可以提问，尽量回答。,640000,https://tieba.baidu.com/hottopic/browse/hottopic?topic_id=20408363&topic_name=%E4%BA%BA%E5%9C%A8%E7%BE%8E%E5%9B%BD%20%E4%BD%A0%E9%97%AE%E6%88%91%E7%AD%94,https://tiebapic.baidu.com/forum/whfpf%3D84%2C88%2C40%3Bq%3D90/sign=b0b53d1d707adab43d854803ede98b28/6a63f6246b600c33cfe850fd5c4c510fd9f9a176.jpg?tbpicau=2023-11-15-05_e25aa09f4690ff17ebf1456d6b62ae1f
8,如何评价新番《药屋少女的呢喃》,十月新番中的黑马，看日本人如何写中国宫廷剧也是别有一番风味，大伙们如何评价这部作品？一起来聊聊。,625000,https://tieba.baidu.com/hottopic/browse/hottopic?topic_id=20413421&topic_name=%E5%A6%82%E4%BD%95%E8%AF%84%E4%BB%B7%E6%96%B0%E7%95%AA%E3%80%8A%E8%8D%AF%E5%B1%8B%E5%B0%91%E5%A5%B3%E7%9A%84%E5%91%A2%E5%96%83%E3%80%8B,https://tiebapic.baidu.com/forum/whfpf%3D84%2C88%2C40%3Bq%3D90/sign=6d88a749170fd9f9a04206294310ec1e/d4628535e5dde711169fcbc3e1efce1b9d1661b2.jpg?tbpicau=2023-11-15-05_ed7b5d3b19b8da8a1438c6945ce09f83
9,博主爆料Ti预选赛打假赛,博主“杰出哥”爆料Dota Ti12预选赛打假赛并放出录音，真实性如何？,591000,https://tieba.baidu.com/hottopic/browse/hottopic?topic_id=20397388&topic_name=%E5%8D%9A%E4%B8%BB%E7%88%86%E6%96%99Ti%E9%A2%84%E9%80%89%E8%B5%9B%E6%89%93%E5%81%87%E8%B5%9B,https://tiebapic.baidu.com/forum/whfpf%3D84%2C88%2C40%3Bq%3D90/sign=28d5faa29f33c895a62bcb3bb72e4bc4/03087bf40ad162d9d522ef2957dfa9ec8a13cd33.jpg?tbpicau=2023-11-15-05_430923ab7a8f4d238a5d915eb73b3ad0
10,与世界逆行指数,NGA网友根据联合国投票表决数据总结“世界逆行指数”和“世界阵营指数”，生动诠释各国形象。,580000,https://tieba.baidu.com/hottopic/browse/hottopic?topic_id=20412351&topic_name=%E4%B8%8E%E4%B8%96%E7%95%8C%E9%80%86%E8%A1%8C%E6%8C%87%E6%95%B0,https://tiebapic.baidu.com/forum/whfpf%3D84%2C88%2C40%3Bq%3D90/sign=1e3cf24f66a446237e9ff622fe1f4a3a/caef76094b36acaf5dc31ec93ad98d1001e99ce0.jpg?tbpicau=2023-11-15-05_027e991457920f983ae15752212faee3
11,WBG vs T1几几开,S13总决赛WBG将对战T1，大家觉得两队胜率几几开？,540000,https://tieba.baidu.com/hottopic/browse/hottopic?topic_id=20386190&topic_name=WBG%20vs%20T1%E5%87%A0%E5%87%A0%E5%BC%80,https://tiebapic.baidu.com/forum/whfpf%3D84%2C88%2C40%3Bq%3D90/sign=3d0c2d38bedcd100cdc9ab6114b67f24/b219ebc4b74543a984ed7df958178a82b9011414.jpg?tbpicau=2023-11-15-05_ec3a070270aa7fdb2cccb6e388d5be2c
12,如何评价Homme对369的使用方式,有粉丝认为369选手在来到JDG之后似乎失去了以前的锋芒而变的平庸，留下大家的看法。,516000,https://tieba.baidu.com/hottopic/browse/hottopic?topic_id=20403976&topic_name=%E5%A6%82%E4%BD%95%E8%AF%84%E4%BB%B7Homme%E5%AF%B9369%E7%9A%84%E4%BD%BF%E7%94%A8%E6%96%B9%E5%BC%8F,https://tiebapic.baidu.com/forum/whfpf%3D84%2C88%2C40%3Bq%3D90/sign=445b9231729b033b2cddaf9a73f30ee7/cf1b9d16fdfaaf5163af0e8aca5494eef01f7ab3.jpg?tbpicau=2023-11-15-05_c6c3a66d3a4dd184c58e12bd6d1aa144
13,日本部分居民血检异常,新华社消息，日本媒体援引一项最新调查报道，大阪府摄津市部分居民血液中有机氟化合物含量偏高，健康受到威胁。调查人员分析，这可能与当地河流和地下...,418000,https://tieba.baidu.com/hottopic/browse/hottopic?topic_id=20402342&topic_name=%E6%97%A5%E6%9C%AC%E9%83%A8%E5%88%86%E5%B1%85%E6%B0%91%E8%A1%80%E6%A3%80%E5%BC%82%E5%B8%B8,https://tiebapic.baidu.com/forum/whfpf%3D84%2C88%2C40%3Bq%3D90/sign=323fabdaefec8a13144f04a0913ea9bb/5243fbf2b2119313d56d708523380cd791238ddd.jpg?tbpicau=2023-11-15-05_452cee37eeb138c2eabaa1740f835d2c
14,斗破苍穹真人版电影定档,改编自天蚕土豆玄幻小说《斗破苍穹》的电影《斗破苍穹·觉醒》正式官宣定档，将于11月17日上线。影片由马伯骞、李九霄领衔主演，张涵予特邀出演，...,341000,https://tieba.baidu.com/hottopic/browse/hottopic?topic_id=20403527&topic_name=%E6%96%97%E7%A0%B4%E8%8B%8D%E7%A9%B9%E7%9C%9F%E4%BA%BA%E7%89%88%E7%94%B5%E5%BD%B1%E5%AE%9A%E6%A1%A3,https://tiebapic.baidu.com/forum/whfpf%3D84%2C88%2C40%3Bq%3D90/sign=dea2388ee01ea8d38a772744f137087a/c995d143ad4bd1139ea838071cafa40f4bfb059a.jpg?tbpicau=2023-11-15-05_b852b46e94084d2d6b0de9ce4b1cbed3
15,米勒预测WBG零封T1,LPL解说米勒预测WBG 3-0 T1，这次是先相信还是先质疑？,332000,https://tieba.baidu.com/hottopic/browse/hottopic?topic_id=20392952&topic_name=%E7%B1%B3%E5%8B%92%E9%A2%84%E6%B5%8BWBG%E9%9B%B6%E5%B0%81T1,https://tiebapic.baidu.com/forum/whfpf%3D84%2C88%2C40%3Bq%3D90/sign=fbbb4f1cc018367aaddc2c9d484eb3e0/bf096b63f6246b6047d93041adf81a4c510fa234.jpg?tbpicau=2023-11-15-05_d28347bf9e9b7f5c3e287a00e9cedd44
16,Zeus喊话TheShy,T1晋级S13决赛赛后采访Zeus：TheShy选手拿过一个冠军了，这次就由我拿下吧，总决赛会打出没有遗憾的比赛。,316000,https://tieba.baidu.com/hottopic/browse/hottopic?topic_id=20392243&topic_name=Zeus%E5%96%8A%E8%AF%9DTheShy,https://tiebapic.baidu.com/forum/whfpf%3D84%2C88%2C40%3Bq%3D90/sign=a66a2626d1dda144da5c3ff2d48ae896/9358d109b3de9c827be57bba2a81800a19d84307.jpg?tbpicau=2023-11-15-05_87da5cb38963b07e7f10ce67c48fd93f
17,林心如大尺度戏会考虑霍建华感受,在被问到“会不会接大尺度的戏”时，林心如并未拒绝，但却表示不知道自己能不能放得开，并声称会考虑老公霍建华和小孩的感受。,292000,https://tieba.baidu.com/hottopic/browse/hottopic?topic_id=20409741&topic_name=%E6%9E%97%E5%BF%83%E5%A6%82%E5%A4%A7%E5%B0%BA%E5%BA%A6%E6%88%8F%E4%BC%9A%E8%80%83%E8%99%91%E9%9C%8D%E5%BB%BA%E5%8D%8E%E6%84%9F%E5%8F%97,https://tiebapic.baidu.com/forum/whfpf%3D84%2C88%2C40%3Bq%3D90/sign=23203687ff014a90816b15fdcf4a0126/08f790529822720e31c46bcf3dcb0a46f21fabf9.jpg?tbpicau=2023-11-15-05_7578b5d2ea9223c306423dc83cbf2852
18,冰岛24小时内1400次地震,一天1400次地震！冰岛火山或再次喷发，游客凌晨恐慌逃离。,213000,https://tieba.baidu.com/hottopic/browse/hottopic?topic_id=20403026&topic_name=%E5%86%B0%E5%B2%9B24%E5%B0%8F%E6%97%B6%E5%86%851400%E6%AC%A1%E5%9C%B0%E9%9C%87,https://tiebapic.baidu.com/forum/whfpf%3D84%2C88%2C40%3Bq%3D90/sign=47e33bce7fdbb6fd250eb6666f19932c/8601a18b87d6277f8816bd0d6e381f30e924fcfb.jpg?tbpicau=2023-11-15-05_ee1dd4094a4714fc84265622bee7f27c
19,JDG分锅大会,S13全球总决赛半决赛，JDG不敌T1，吧友觉得JDG问题在哪？谁的锅最大？,166000,https://tieba.baidu.com/hottopic/browse/hottopic?topic_id=20384945&topic_name=JDG%E5%88%86%E9%94%85%E5%A4%A7%E4%BC%9A,https://tiebapic.baidu.com/forum/whfpf%3D84%2C88%2C40%3Bq%3D90/sign=883fe30a9ff9d72a1731435db2171000/8435e5dde71190efe4b515ea881b9d16fdfa60bd.jpg?tbpicau=2023-11-15-05_9909a2eda6e75a8b4c2d55c7d1ba8a74
20,快船遭遇五连败,快船101-105主场不敌灰熊，遭遇五连败。,149000,https://tieba.baidu.com/hottopic/browse/hottopic?topic_id=20393378&topic_name=%E5%BF%AB%E8%88%B9%E9%81%AD%E9%81%87%E4%BA%94%E8%BF%9E%E8%B4%A5,https://tiebapic.baidu.com/forum/whfpf%3D84%2C88%2C40%3Bq%3D90/sign=2823faa29f33c895a62bcb3bb72e4bc4/03087bf40ad162d9d5d4ef2957dfa9ec8a13cdc9.jpg?tbpicau=2023-11-15-05_340cfcba19b0d320f1fe810ba3362f2c
21,切尔西4比4曼城,英超第12轮上演焦点大战，切尔西主场迎战曼城。最终双方为球迷贡献一场进球大战，以4-4的比分战平。,126000,https://tieba.baidu.com/hottopic/browse/hottopic?topic_id=20390256&topic_name=%E5%88%87%E5%B0%94%E8%A5%BF4%E6%AF%944%E6%9B%BC%E5%9F%8E,https://tiebapic.baidu.com/forum/whfpf%3D84%2C88%2C40%3Bq%3D90/sign=67f0ad49170fd9f9a04206294310ec1e/d4628535e5dde7111ce7c1c3e1efce1b9d1661ca.jpg?tbpicau=2023-11-15-05_1006c0ea62371d17c801080396e8b450
22,S13爆梗合集,S13世界赛爆了哪些梗？一起来看看。,98000,https://tieba.baidu.com/hottopic/browse/hottopic?topic_id=20359120&topic_name=S13%E7%88%86%E6%A2%97%E5%90%88%E9%9B%86,https://tiebapic.baidu.com/forum/whfpf%3D84%2C88%2C40%3Bq%3D90/sign=eda62b04e78b87d65017f85f6135100c/500fd9f9d72a60597b97782f6e34349b033bba04.jpg?tbpicau=2023-11-15-05_18f5614e710f6bed5c288b6e4e58bfbe
23,京东直播间被疯狂清算,JDG不敌T1止步S13四强，京东的直播间遭到粉丝疯狂清算，被喷到下播。,86000,https://tieba.baidu.com/hottopic/browse/hottopic?topic_id=20387672&topic_name=%E4%BA%AC%E4%B8%9C%E7%9B%B4%E6%92%AD%E9%97%B4%E8%A2%AB%E7%96%AF%E7%8B%82%E6%B8%85%E7%AE%97,https://tiebapic.baidu.com/forum/whfpf%3D84%2C88%2C40%3Bq%3D90/sign=caa3bdf15dd5ad6eaaac37aae7f601ef/dbb44aed2e738bd4aba43404e78b87d6277ff97a.jpg?tbpicau=2023-11-15-05_c4380ec554cc43d8cc7568eca7410a80
24,Kanavi 冒充Tarzan,S13半决赛，Kanavi卑尔维斯连送三波，把大龙送给了T1，这是学Tarzan精忠报国？,63000,https://tieba.baidu.com/hottopic/browse/hottopic?topic_id=20385027&topic_name=Kanavi%20%E5%86%92%E5%85%85Tarzan,https://tiebapic.baidu.com/forum/whfpf%3D84%2C88%2C40%3Bq%3D90/sign=69c879160f540923aa3c303ef465e93d/80cb39dbb6fd5266346fbb21ed18972bd40736bb.jpg?tbpicau=2023-11-15-05_aeee17f6fd063b1a2a81d43a51f86777
25,清华和北大换上了情头,二次元吧头像风靡高校贴吧，北大和清华的情头真好嗑。,55000,https://tieba.baidu.com/hottopic/browse/hottopic?topic_id=20383600&topic_name=%E6%B8%85%E5%8D%8E%E5%92%8C%E5%8C%97%E5%A4%A7%E6%8D%A2%E4%B8%8A%E4%BA%86%E6%83%85%E5%A4%B4,https://tiebapic.baidu.com/forum/whfpf%3D84%2C88%2C40%3Bq%3D90/sign=b719e146bdf2b211e47bd60eacbd5d0c/35a85edf8db1cb13ee75bb269b54564e92584be3.jpg?tbpicau=2023-11-15-05_c839c3bee57333392361dff97879ca12
26,4名缅北电诈集团头目被公开通缉,浙江省温州市公安局公开通缉缅北果敢自治区电信网络诈骗犯罪集团重要头目明学昌、明国平、明菊兰、明珍珍。经侦查发现，以明学昌为首的犯罪集团长期组...,52000,https://tieba.baidu.com/hottopic/browse/hottopic?topic_id=20384286&topic_name=4%E5%90%8D%E7%BC%85%E5%8C%97%E7%94%B5%E8%AF%88%E9%9B%86%E5%9B%A2%E5%A4%B4%E7%9B%AE%E8%A2%AB%E5%85%AC%E5%BC%80%E9%80%9A%E7%BC%89,https://tiebapic.baidu.com/forum/whfpf%3D84%2C88%2C40%3Bq%3D90/sign=c0ac8b04673fb80e0c84329750ec171a/314e251f95cad1c866c37b12393e6709c93d518f.jpg?tbpicau=2023-11-15-05_7efe1711fe27a2945e478b8beb42b367
27,S13反飞机甲终极形态,戏剧效果拉满，反T1战甲被打得只剩头了。今年还会有“忆往昔峥嵘岁月稠”吗？,44000,https://tieba.baidu.com/hottopic/browse/hottopic?topic_id=20388820&topic_name=S13%E5%8F%8D%E9%A3%9E%E6%9C%BA%E7%94%B2%E7%BB%88%E6%9E%81%E5%BD%A2%E6%80%81,https://tiebapic.baidu.com/forum/whfpf%3D84%2C88%2C40%3Bq%3D90/sign=f01680ffa0cd7b89e93969c369197a93/b999a9014c086e063984bf7e44087bf40ad1cbd3.jpg?tbpicau=2023-11-15-05_72fde2c6841a4e65dd530c8524c5f785
28,官方通报B太遭遇鬼秤事件,11月12日，大连市市场监督管理局通报，中山区寻味来餐饮店在经营中使用的电子计价秤经无锡市计量测试院检测，检定结论为不合格。市市场监管局已立...,40000,https://tieba.baidu.com/hottopic/browse/hottopic?topic_id=20373570&topic_name=%E5%AE%98%E6%96%B9%E9%80%9A%E6%8A%A5B%E5%A4%AA%E9%81%AD%E9%81%87%E9%AC%BC%E7%A7%A4%E4%BA%8B%E4%BB%B6,https://tiebapic.baidu.com/forum/whfpf%3D84%2C88%2C40%3Bq%3D90/sign=aea3184005a98226b8947867ecbf8135/42166d224f4a20a40344a6f2d6529822720ed0a9.jpg?tbpicau=2023-11-15-05_fa3f0d6d1c3414c0e10713badcd0e199
29,如何评价UP主做游戏亏600万,B站up主王老菊创业做游戏，投资600万仍未见成品，做游戏这么难吗？,35000,https://tieba.baidu.com/hottopic/browse/hottopic?topic_id=20388429&topic_name=%E5%A6%82%E4%BD%95%E8%AF%84%E4%BB%B7UP%E4%B8%BB%E5%81%9A%E6%B8%B8%E6%88%8F%E4%BA%8F600%E4%B8%87,https://tiebapic.baidu.com/forum/whfpf%3D84%2C88%2C40%3Bq%3D90/sign=4440be50f519ebc4c02d25d9e41bf7c8/3c6d55fbb2fb43165053fb4f66a4462309f7d3b3.jpg?tbpicau=2023-11-15-05_57c5ca45d731c1beff3509b6f8c14826
30,谁是下一个超级上单？,已经近两年没有诞生过超级上单了，目前超级上单包括：S5 Marin、S8S9 TheShy、S10S11 Nuguri。联盟什么时候再出下一...,31000,https://tieba.baidu.com/hottopic/browse/hottopic?topic_id=20361615&topic_name=%E8%B0%81%E6%98%AF%E4%B8%8B%E4%B8%80%E4%B8%AA%E8%B6%85%E7%BA%A7%E4%B8%8A%E5%8D%95%EF%BC%9F,https://tiebapic.baidu.com/forum/whfpf%3D84%2C88%2C40%3Bq%3D90/sign=0451b0904c7b02080c9c6ca104e4cae7/d439b6003af33a878307982f805c10385343b599.jpg?tbpicau=2023-11-15-05_f9485c99f35091b8d48c2ef141ae46f9
